PUNO,PUCODE,PUNAME,PUPARENT,PUREFCODE,DEPTNO,COSTCENTERNO,PUTYPENO,PUSTATUSNO,PUCRITICALNO,PULOCTYPENO,PULOCATION,NOTE,FLAGDEL,HIERARCHYNO,CHILDMAX,CURR_LEVEL,BudgetCalc_Flag,TEXT1,TEXT2,TEXT3,NUMBER1,NUMBER2,DATE1,DATE2,LOGIC1,LOGIC2,UPDATEUSER,UPDATEDATE,PU_DTCost
6446,PS-UFPT,Fire protection system at Positive Treat Plant,5962,,25,13,230,1,6,4,,,F,00000710000014,5,2,F,NULL,NULL,NULL,NULL,NULL,NULL,NULL,F,F,451,20230523,0
6447,PS-UFPT-EECN-01,Fire Alarm System Positive Treat,6446,,26,13,40,NULL,6,4,,,F,000007100000140000001,0,3,F,NULL,NULL,NULL,NULL,NULL,NULL,NULL,F,F,451,20230523,0
6448,PS-UFPT-EXGH-01,Extinguisher at Positive Treat Plant,6446,,25,13,279,1,7,4,,,F,000007100000140000002,0,3,F,NULL,NULL,NULL,NULL,NULL,NULL,NULL,F,F,451,20230523,0
6449,PS-UFPT-FHCS-01,Fire hose reel positive treat plant,6446,,25,13,50,1,7,4,,,F,000007100000140000003,0,3,F,NULL,NULL,NULL,NULL,NULL,NULL,NULL,F,F,451,20230523,0
6450,PS-UFPT-SPKL-01,Sprinkler at Positive Treat plant,6446,,25,13,230,1,6,4,,,F,000007100000140000004,0,3,F,NULL,NULL,NULL,NULL,NULL,NULL,NULL,F,F,451,20230523,0
6451,DJ-LNA-DCC-BKD,LNA Bucket elevator dryer JR,5560,,5,17,12,1,6,17,,,F,0000013000000500000160000021,0,4,F,NULL,NULL,NULL,NULL,NULL,NULL,NULL,F,F,436,20250312,0
6452,DJ-LNA-DCC,JAROEN LNA DCC: DRYER COATER COOLER,2335,,23,17,38,1,4,72,,,F,000000800000800000001,2,3,F,NULL,NULL,NULL,NULL,NULL,NULL,NULL,F,F,436,20250312,0
6453,DJ-LNA-DCC-BKC,LNA Bucket elevator Cooler JR,5565,,5,17,12,1,6,17,,,F,0000013000000500000200000008,0,4,F,NULL,NULL,NULL,NULL,NULL,NULL,NULL,F,F,436,20250312,0
6454,DJ-IMS-OFD-SCR-01,Jaroen Out feed screw fine,4763,,5,17,123,1,7,63,,,F,000001300000070000032,0,3,F,NULL,NULL,NULL,NULL,NULL,NULL,NULL,F,F,42,20230605,0
6455,DP-UVEN-EXHF-34,Exhaust Fan for battery charging room (EF-10),770,,72,11,219,NULL,6,31,,,F,000000500000230000054,0,3,F,NULL,NULL,NULL,NULL,NULL,NULL,NULL,F,F,451,20241008,0
6456,DP-PACK-BAND-06,Bigbag line 1 Hot sealing Newlong,6710,,29,3,6,1,5,9,,,F,0000005000001000002160000011,0,4,F,NULL,NULL,NULL,NULL,NULL,NULL,NULL,F,F,451,20250612,0
6457,DP-HCRM,Hot cream process,146,,23,3,230,1,5,18,,,F,00000050000054,24,2,F,NULL,NULL,NULL,NULL,NULL,NULL,NULL,F,F,436,20230705,0
6458,DP-HCRM-PUMS-01,Hot cream process IKA mixer,1414,,23,3,115,1,5,18,,,F,000000500000540000001,0,3,F,NULL,NULL,NULL,NULL,NULL,NULL,NULL,F,F,436,20230705,0
6459,DP-HCRM-LIWF-01,Hot cream process loss in weight,1414,,23,3,115,1,5,18,,,F,00000080000657,0,2,F,NULL,NULL,NULL,NULL,NULL,NULL,NULL,F,F,451,20240308,0
6460,DP-HCRM-PUMS-02,Discharge pump heating skid,1414,,23,3,115,1,5,18,,,F,000000500000540000003,0,3,F,NULL,NULL,NULL,NULL,NULL,NULL,NULL,F,F,549,20240221,0
6461,DP-HCRM-PUMS-03,Coilloid mill pump heating skid,1414,,23,3,115,1,5,18,,,F,000000500000540000004,0,3,F,NULL,NULL,NULL,NULL,NULL,NULL,NULL,F,F,549,20240221,0
6462,DP-HCRM-TANK-01,Terlotherm tank heating skid,1414,,23,3,141,1,5,18,,,F,000000500000540000005,0,3,F,NULL,NULL,NULL,NULL,NULL,NULL,NULL,F,F,549,20240221,0
6463,DP-HCRM-TANK-02,Hot cream process tank heating skid,1414,,23,3,141,1,5,18,,,F,000000500000540000006,0,3,F,NULL,NULL,NULL,NULL,NULL,NULL,NULL,F,F,549,20240221,0
6464,DP-HCRM-PUMP-04,Hot cream process agitator tank red heating skid,1414,,33,3,115,1,5,18,,,F,00000080000651,0,2,F,NULL,NULL,NULL,NULL,NULL,NULL,NULL,F,F,436,20230705,0
6465,DP-HCRM-PUMS-04,Hot cream process agitator tank heating skid,1414,,23,3,115,1,5,18,,,F,000000500000540000008,0,3,F,NULL,NULL,NULL,NULL,NULL,NULL,NULL,F,F,549,20240221,0
6466,DP-HCRM-TANK-03,Hot cream process holding tube 1,1414,,23,3,141,1,5,18,,,F,000000500000540000009,0,3,F,NULL,NULL,NULL,NULL,NULL,NULL,NULL,F,F,436,20230705,0
6467,DP-HCRM-TANK-04,Hot cream process holding tube 2,1414,,23,3,141,1,5,18,,,F,000000500000540000010,0,3,F,NULL,NULL,NULL,NULL,NULL,NULL,NULL,F,F,436,20230705,0
6468,DP-HCRM-TANK-05,Hot cream process holding tube 3,1414,,23,3,141,1,5,18,,,F,000000500000540000011,0,3,F,NULL,NULL,NULL,NULL,NULL,NULL,NULL,F,F,436,20230705,0
6469,DP-HCRM-TANK-06,Hot cream process tank cooling skid,1414,,23,3,141,1,5,18,,,F,000000500000540000012,0,3,F,NULL,NULL,NULL,NULL,NULL,NULL,NULL,F,F,549,20240221,0
6470,DP-HCRM-TANK-07,Terlotherm tank cooling skid,1414,,23,3,141,1,5,18,,,F,000000500000540000013,0,3,F,NULL,NULL,NULL,NULL,NULL,NULL,NULL,F,F,549,20240221,0
6471,DP-HCRM-PUMS-05,Hot cream process agitator tank cooling skid,1414,,23,3,115,1,5,18,,,F,000000500000540000014,0,3,F,NULL,NULL,NULL,NULL,NULL,NULL,NULL,F,F,549,20240221,0
6472,DP-HCRM-PUMS-06,Discharge pump cooling skid,1414,,23,3,115,1,5,18,,,F,000000500000540000015,0,3,F,NULL,NULL,NULL,NULL,NULL,NULL,NULL,F,F,549,20240221,0
6473,DP-HCRM-PUMS-07,Coilloid mill pump cooling skid,1414,,23,3,115,1,5,18,,,F,000000500000540000016,0,3,F,NULL,NULL,NULL,NULL,NULL,NULL,NULL,F,F,549,20240221,0
6474,DJ-ICS,Dry2 Industrial Control System,4456,,26,23,230,1,5,2,,,F,00000130000049,2,2,F,NULL,NULL,NULL,NULL,NULL,NULL,NULL,F,F,451,20230711,0
6475,DJ-ICS-L3,Dry2 Industrial Control System Level3,6474,,26,23,304,1,5,2,,,F,000001300000490000001,0,3,F,NULL,NULL,NULL,NULL,NULL,NULL,NULL,F,F,451,20230711,0
6476,DJ-ICS-L2,Dry2 Industrial Control System Level2,6474,,26,23,304,1,5,2,,,F,000001300000490000002,0,3,F,NULL,NULL,NULL,NULL,NULL,NULL,NULL,F,F,451,20230711,0
6477,DP-PACK-ROLL-07,Packing Robot roller conveyor 1,6480,,29,3,120,1,6,19,,,F,0000005000001000002150000003,0,4,F,NULL,NULL,NULL,NULL,NULL,NULL,NULL,F,F,42,20250426,0
6478,DP-PACK-BELT-59,Packing Robot Centering belt conveyor,6480,,29,3,8,1,6,19,,,F,0000005000001000002150000007,0,4,F,NULL,NULL,NULL,NULL,NULL,NULL,NULL,F,F,42,20250426,0
6479,DP-PACK-ROLL-08,Packing Robot Pick-up conveyor,6480,,29,3,8,1,6,19,,,F,0000005000001000002150000004,0,4,F,NULL,NULL,NULL,NULL,NULL,NULL,NULL,F,F,42,20250424,0
6480,DP-PACK-ROBO-01,Packing Paletizer Robot L1,538,,29,3,306,1,6,9,DRY 1,START UP 2023,F,000000500000100000215,10,3,F,NULL,NULL,NULL,NULL,NULL,NULL,NULL,F,F,451,20241008,0
6481,DP-PACK-ROLL-09,Packing Robot Pallet dispenser,6480,,29,3,8,1,6,19,,,F,0000005000001000002150000005,0,4,F,NULL,NULL,NULL,NULL,NULL,NULL,NULL,F,F,42,20250424,0
6482,DJ-MNR-IFD-HPR-37,LNA Cyclone minor infeed hopper 37,4759,,23,17,61,1,6,67,,,F,000001300000030000044,2,3,F,NULL,NULL,NULL,NULL,NULL,NULL,NULL,F,F,436,20230822,0
6483,DJ-MNR-IFD-RVL-02,LNA Cyclone minor infeed rotary valve2 (M221),6482,,23,17,274,1,5,67,,,F,0000013000000300000440000001,0,4,F,NULL,NULL,NULL,NULL,NULL,NULL,NULL,F,F,436,20230822,0
6484,DJ-MNR-IFD-VLV-08,LNA Cyclone minor infeed buttterfly valve8,6482,,23,17,264,1,5,67,,,F,0000013000000300000440000002,0,4,F,NULL,NULL,NULL,NULL,NULL,NULL,NULL,F,F,436,20230822,0
6485,SN-LNB-CRM-HEX-06,Sanook hot water system for cleaning,6111,,23,18,218,1,6,18,,,F,0000014000000100000080000004,0,4,F,NULL,NULL,NULL,NULL,NULL,NULL,NULL,F,F,67,20230831,0
6486,DP-LIQU-TANK-17,Palm stearin tank,287,,29,3,141,1,7,75,,INSTALL ON 13/08/2023,F,000000500000070000030,0,3,F,NULL,NULL,NULL,NULL,NULL,NULL,NULL,F,F,42,20230905,0
6488,DP-MCCR-MCC-01,MCC Room 1,308,,26,22,290,1,5,2,,,F,000000500000080000272,13,3,F,NULL,NULL,NULL,NULL,NULL,NULL,NULL,F,F,451,20230928,0
6489,DP-MCCR-MCC-02,MCC Room 2,308,,26,22,290,1,5,2,,,F,000000500000080000273,10,3,F,NULL,NULL,NULL,NULL,NULL,NULL,NULL,F,F,451,20230928,0
6490,DP-MCCR-MCC-03,MCC Room C&T,308,,26,24,290,1,5,2,,,F,000000500000080000274,2,3,F,NULL,NULL,NULL,NULL,NULL,NULL,NULL,F,F,451,20251211,0
6491,DP-MCCR-MCC-04,MCC Room Hot Cream,308,,26,22,290,1,5,2,,,F,000000500000080000275,2,3,F,NULL,NULL,NULL,NULL,NULL,NULL,NULL,F,F,451,20230928,0
6492,DP-MCCR-EECN-46,PLC Hot Cream,6491,,26,22,40,1,5,2,,,F,0000005000000800002750000001,0,4,F,NULL,NULL,NULL,NULL,NULL,NULL,NULL,F,F,451,20230928,0
6493,DP-MCCR-EECN-47,PLC 4-2,6491,,26,22,40,1,5,2,MCC HOT CREAM,,F,0000005000000800002750000002,0,4,F,NULL,NULL,NULL,NULL,NULL,NULL,NULL,F,F,451,20230928,0
6494,DJ-USTR-MCCR-01,MCC Room Red Area,5522,,25,20,290,1,6,4,3RD FLOOR RED,,F,000001300000310000002,0,3,F,NULL,NULL,NULL,NULL,NULL,NULL,NULL,F,F,451,20231002,0
6495,DJ-USTR-MCCR-02,MCC Room Blue Area,5522,,25,20,290,1,6,4,2ND FLOOR BLUE,,F,000001300000310000003,0,3,F,NULL,NULL,NULL,NULL,NULL,NULL,NULL,F,F,451,20231002,0
6496,DJ-USTR-DCLK-01,D_#1,5522,,25,20,32,3,6,52,,,F,000001300000310000007,NULL,3,F,NULL,NULL,NULL,NULL,NULL,NULL,NULL,F,F,451,20241008,0
6497,DJ-USTR-DCLK-02,D_#2,5522,,25,20,32,3,6,52,,,F,000001300000310000008,NULL,3,F,NULL,NULL,NULL,NULL,NULL,NULL,NULL,F,F,451,20241008,0
6498,DJ-USTR-DCLK-03,D_#3,1414,,25,20,32,3,6,37,,,F,00000080000656,NULL,2,F,NULL,NULL,NULL,NULL,NULL,NULL,NULL,F,F,451,20240301,0
6499,DJ-USTR-DOHP-01,H_ dock load raw material #1,5522,NULL,25,20,305,1,6,37,NULL,NULL,F,NULL,NULL,3,F,NULL,NULL,NULL,NULL,NULL,NULL,NULL,F,F,451,20231005,0
6500,DJ-USTR-DOHP-02,H_ dock load raw material #2,5522,NULL,25,20,305,1,6,37,NULL,NULL,F,NULL,NULL,3,F,NULL,NULL,NULL,NULL,NULL,NULL,NULL,F,F,451,20231005,0
6501,DJ-USTR-DOHP-03,H_waste room transit #1,5522,NULL,25,20,305,1,6,37,NULL,NULL,F,NULL,NULL,3,F,NULL,NULL,NULL,NULL,NULL,NULL,NULL,F,F,451,20231005,0
6502,DJ-USTR-DOHP-04,H_waste room transit #2,5522,NULL,25,20,305,1,6,37,NULL,NULL,F,NULL,NULL,3,F,NULL,NULL,NULL,NULL,NULL,NULL,NULL,F,F,451,20231005,0
6503,DJ-USTR-DOHP-05,H_ Red liquid room,5522,NULL,25,20,305,1,6,37,NULL,NULL,F,NULL,NULL,3,F,NULL,NULL,NULL,NULL,NULL,NULL,NULL,F,F,451,20231005,0
6504,DJ-USTR-DOHP-06,H_ DMH batching,5522,NULL,25,20,305,1,6,37,NULL,NULL,F,NULL,NULL,3,F,NULL,NULL,NULL,NULL,NULL,NULL,NULL,F,F,451,20231005,0
6505,DJ-USTR-DOHP-07,H_Waste wet,5522,NULL,25,20,305,1,6,37,NULL,NULL,F,NULL,NULL,3,F,NULL,NULL,NULL,NULL,NULL,NULL,NULL,F,F,451,20231005,0
6506,DJ-USTR-DOHP-08,H_Extruder Jaroen-Sanook,5522,NULL,25,20,305,1,6,37,NULL,NULL,F,NULL,NULL,3,F,NULL,NULL,NULL,NULL,NULL,NULL,NULL,F,F,451,20231005,0
6507,DJ-USTR-DOHP-09,H_Extruder Jaroen- Waste wet,5522,NULL,25,20,305,1,6,37,NULL,NULL,F,NULL,NULL,3,F,NULL,NULL,NULL,NULL,NULL,NULL,NULL,F,F,451,20231005,0
6508,DJ-USTR-DOHP-10,H_Extruder Sanook - Waste wet,5522,NULL,25,20,305,1,6,37,NULL,NULL,F,NULL,NULL,3,F,NULL,NULL,NULL,NULL,NULL,NULL,NULL,F,F,451,20231005,0
6509,DJ-USTR-DOHP-11,H_Extruder -washing room,5522,NULL,25,20,305,1,6,37,NULL,NULL,F,NULL,NULL,3,F,NULL,NULL,NULL,NULL,NULL,NULL,NULL,F,F,451,20231005,0
6510,DJ-USTR-DOHP-12,H_blue corridor-packing,5522,NULL,25,20,305,1,6,37,NULL,NULL,F,NULL,NULL,3,F,NULL,NULL,NULL,NULL,NULL,NULL,NULL,F,F,451,20231005,0
6511,DJ-USTR-DOHP-13,H_blue liquid room,5522,NULL,25,20,305,1,6,37,NULL,NULL,F,NULL,NULL,3,F,NULL,NULL,NULL,NULL,NULL,NULL,NULL,F,F,451,20231005,0
6512,DJ-USTR-DOHP-14,H_blue powder room,5522,NULL,25,20,305,1,6,37,NULL,NULL,F,NULL,NULL,3,F,NULL,NULL,NULL,NULL,NULL,NULL,NULL,F,F,451,20231005,0
6513,DJ-USTR-DOHP-15,H_packing hall to set down #1,5522,NULL,25,20,305,1,6,37,NULL,NULL,F,NULL,NULL,3,F,NULL,NULL,NULL,NULL,NULL,NULL,NULL,F,F,451,20231005,0
6514,DJ-USTR-DOHP-16,H_packing hall to set down #2,5522,NULL,25,20,305,1,6,37,NULL,NULL,F,NULL,NULL,3,F,NULL,NULL,NULL,NULL,NULL,NULL,NULL,F,F,451,20231005,0
6515,DJ-USTR-DOHP-17,H_ Dock load #1,5522,NULL,25,20,305,1,6,37,NULL,NULL,F,NULL,NULL,3,F,NULL,NULL,NULL,NULL,NULL,NULL,NULL,F,F,451,20231005,0
6516,DJ-USTR-DOHP-18,H_ Dock load #2,5522,NULL,25,20,305,1,6,37,NULL,NULL,F,NULL,NULL,3,F,NULL,NULL,NULL,NULL,NULL,NULL,NULL,F,F,451,20231005,0
6517,DJ-USTR-DOHP-19,H_ Dock load #3,5522,NULL,25,20,305,1,6,37,NULL,NULL,F,NULL,NULL,3,F,NULL,NULL,NULL,NULL,NULL,NULL,NULL,F,F,451,20231005,0
6518,DJ-USTR-DORL-01,S_ dock load #1,5522,NULL,25,20,223,1,6,37,NULL,NULL,F,NULL,NULL,3,F,NULL,NULL,NULL,NULL,NULL,NULL,NULL,F,F,451,20231005,0
6519,DJ-USTR-DORL-02,S_ dock load #2,5522,NULL,25,20,223,1,6,37,NULL,NULL,F,NULL,NULL,3,F,NULL,NULL,NULL,NULL,NULL,NULL,NULL,F,F,451,20231005,0
6520,DJ-USTR-DORL-03,S_ dock load #3,5522,NULL,25,20,223,1,6,37,NULL,NULL,F,NULL,NULL,3,F,NULL,NULL,NULL,NULL,NULL,NULL,NULL,F,F,451,20231005,0
6521,DJ-USTR-DORL-04,S_ receiving pit Dry 2,5522,NULL,25,20,223,1,6,37,NULL,NULL,F,NULL,NULL,3,F,NULL,NULL,NULL,NULL,NULL,NULL,NULL,F,F,451,20231005,0
6522,DJ-USTR-DOSW-01,DCC floor#1,5522,NULL,25,20,222,1,6,37,NULL,NULL,F,NULL,NULL,3,F,NULL,NULL,NULL,NULL,NULL,NULL,NULL,F,F,451,20231005,0
6523,DJ-USTR-DOSW-02,DCC floor#2,5522,NULL,25,20,222,1,6,37,NULL,NULL,F,NULL,NULL,3,F,NULL,NULL,NULL,NULL,NULL,NULL,NULL,F,F,451,20231005,0
6524,DJ-USTR-DOSW-03,DCC floor#3,5522,NULL,25,20,222,1,6,37,NULL,NULL,F,NULL,NULL,3,F,NULL,NULL,NULL,NULL,NULL,NULL,NULL,F,F,451,20231005,0
6525,DJ-USTR-DOSW-04,DCC floor#4,5522,NULL,25,20,222,1,6,37,NULL,NULL,F,NULL,NULL,3,F,NULL,NULL,NULL,NULL,NULL,NULL,NULL,F,F,451,20231005,0
6526,DJ-USTR-DOSW-05,DCC floor#5,5522,NULL,25,20,222,1,6,37,NULL,NULL,F,NULL,NULL,3,F,NULL,NULL,NULL,NULL,NULL,NULL,NULL,F,F,451,20231005,0
6527,DJ-USTR-DOSW-06,DCC floor#6,5522,NULL,25,20,222,1,6,37,NULL,NULL,F,NULL,NULL,3,F,NULL,NULL,NULL,NULL,NULL,NULL,NULL,F,F,451,20231005,0
6528,DJ-USTR-DOSW-07,DCC floor#7,5522,NULL,25,20,222,1,6,37,NULL,NULL,F,NULL,NULL,3,F,NULL,NULL,NULL,NULL,NULL,NULL,NULL,F,F,451,20231005,0
6529,DJ-USTR-DOSW-08,DCC floor#8,5522,NULL,25,20,222,1,6,37,NULL,NULL,F,NULL,NULL,3,F,NULL,NULL,NULL,NULL,NULL,NULL,NULL,F,F,451,20231005,0
6530,DJ-USTR-DOSW-09,DCC floor#8.1,5522,NULL,25,20,222,1,6,37,NULL,NULL,F,NULL,NULL,3,F,NULL,NULL,NULL,NULL,NULL,NULL,NULL,F,F,451,20231005,0
6531,DJ-USTR-DOSW-10,E_ Exit door Set down,5522,NULL,25,20,222,1,6,37,NULL,NULL,F,NULL,NULL,3,F,NULL,NULL,NULL,NULL,NULL,NULL,NULL,F,F,451,20231005,0
6532,DJ-USTR-DOSW-11,E_ Exit door  Blue corridor,5522,NULL,25,20,222,1,6,37,NULL,NULL,F,NULL,NULL,3,F,NULL,NULL,NULL,NULL,NULL,NULL,NULL,F,F,451,20231005,0
6533,DP-USTR-DCkL-06,Loading Dock Packmat No.6,763,,25,11,32,1,6,37,,,F,NULL,NULL,3,F,NULL,NULL,NULL,NULL,NULL,NULL,NULL,F,F,2,20241001,0
6534,DP-USTR-DCKL-07,Loading Dock Batching Dry1,763,,25,11,32,1,6,37,,,F,NULL,NULL,3,F,NULL,NULL,NULL,NULL,NULL,NULL,NULL,F,F,2,20241001,0
6535,DP-USTR-DOHP-01,H_ Waste transit outside Set down  IN,763,NULL,25,11,305,1,6,37,NULL,NULL,F,NULL,NULL,3,F,NULL,NULL,NULL,NULL,NULL,NULL,NULL,F,F,451,20231005,0
6536,DP-USTR-DOHP-02,H_Waste transit door  inside IN,763,NULL,25,11,305,1,6,37,NULL,NULL,F,NULL,NULL,3,F,NULL,NULL,NULL,NULL,NULL,NULL,NULL,F,F,451,20231005,0
6537,DP-USTR-DOHP-03,H_  set down-packing hall #1,763,NULL,25,11,305,1,6,37,NULL,NULL,F,NULL,NULL,3,F,NULL,NULL,NULL,NULL,NULL,NULL,NULL,F,F,451,20231005,0
6538,DP-USTR-DOHP-04,H_  set down-packing hall #2,763,NULL,25,11,305,1,6,37,NULL,NULL,F,NULL,NULL,3,F,NULL,NULL,NULL,NULL,NULL,NULL,NULL,F,F,451,20231005,0
6539,DP-USTR-DOHP-05,H_pack material ( Set down),763,NULL,25,11,305,1,6,37,NULL,NULL,F,NULL,NULL,3,F,NULL,NULL,NULL,NULL,NULL,NULL,NULL,F,F,451,20231005,0
6540,DP-USTR-DOHP-06,H_ Waste transit outside Set down OUT,763,NULL,25,11,305,1,6,37,NULL,NULL,F,NULL,NULL,3,F,NULL,NULL,NULL,NULL,NULL,NULL,NULL,F,F,451,20231005,0
6541,DP-USTR-DOHP-07,H_Waste transit door  inside OUT,763,NULL,25,11,305,1,6,37,NULL,NULL,F,NULL,NULL,3,F,NULL,NULL,NULL,NULL,NULL,NULL,NULL,F,F,451,20231005,0
6542,DP-USTR-DOHP-08,H_ Charge battery folk lift,763,NULL,25,11,305,1,6,37,NULL,NULL,F,NULL,NULL,3,F,NULL,NULL,NULL,NULL,NULL,NULL,NULL,F,F,451,20231005,0
6543,DP-USTR-DOHP-09,H_ Packing to DCC,763,NULL,25,11,305,1,6,37,NULL,NULL,F,NULL,NULL,3,F,NULL,NULL,NULL,NULL,NULL,NULL,NULL,F,F,451,20231005,0
6544,DP-USTR-DOHP-10,H_ DCC transit inside,763,NULL,25,11,305,1,6,37,NULL,NULL,F,NULL,NULL,3,F,NULL,NULL,NULL,NULL,NULL,NULL,NULL,F,F,451,20231005,0
6545,DP-USTR-DOHP-11,H_ DCC transit outside,763,NULL,25,11,305,1,6,37,NULL,NULL,F,NULL,NULL,3,F,NULL,NULL,NULL,NULL,NULL,NULL,NULL,F,F,451,20231005,0
6546,DP-USTR-DOHP-12,H_transit Extruder to digest #1,763,NULL,25,11,305,1,6,37,NULL,NULL,F,NULL,NULL,3,F,NULL,NULL,NULL,NULL,NULL,NULL,NULL,F,F,451,20231005,0
6547,DP-USTR-DOHP-13,H_transit Extruder to digest #2,763,NULL,25,11,305,1,6,37,NULL,NULL,F,NULL,NULL,3,F,NULL,NULL,NULL,NULL,NULL,NULL,NULL,F,F,451,20231005,0
6548,DP-USTR-DOHP-14,H_ Digest area (batching to digest),763,NULL,25,11,305,1,6,37,NULL,NULL,F,NULL,NULL,3,F,NULL,NULL,NULL,NULL,NULL,NULL,NULL,F,F,451,20231005,0
6549,DP-USTR-DOHP-15,H_ Blue washing room #1,763,NULL,25,11,305,1,6,37,NULL,NULL,F,NULL,NULL,3,F,NULL,NULL,NULL,NULL,NULL,NULL,NULL,F,F,451,20231005,0
6550,DP-USTR-DOHP-16,H_ Blue washing room #2,763,NULL,25,11,305,1,6,37,NULL,NULL,F,NULL,NULL,3,F,NULL,NULL,NULL,NULL,NULL,NULL,NULL,F,F,451,20231005,0
6551,DP-USTR-DOHP-17,H_ Blue washing room #3,763,NULL,25,11,305,1,6,37,NULL,NULL,F,NULL,NULL,3,F,NULL,NULL,NULL,NULL,NULL,NULL,NULL,F,F,451,20231005,0
6552,DP-USTR-DOHP-18,H_ Red washing room #1,763,NULL,25,11,305,1,6,37,NULL,NULL,F,NULL,NULL,3,F,NULL,NULL,NULL,NULL,NULL,NULL,NULL,F,F,451,20231005,0
6553,DP-USTR-DOHP-19,H_ Red washing room #2,763,NULL,25,11,305,1,6,37,NULL,NULL,F,NULL,NULL,3,F,NULL,NULL,NULL,NULL,NULL,NULL,NULL,F,F,451,20231005,0
6554,DP-USTR-DOHP-20,H_ Red washing room #3,763,NULL,25,11,305,1,6,37,NULL,NULL,F,NULL,NULL,3,F,NULL,NULL,NULL,NULL,NULL,NULL,NULL,F,F,451,20231005,0
6555,DP-USTR-DOHP-21,H_ dock load batching #1,763,NULL,25,11,305,1,6,37,NULL,NULL,F,NULL,NULL,3,F,NULL,NULL,NULL,NULL,NULL,NULL,NULL,F,F,451,20231005,0
6556,DP-USTR-DOHP-22,H_ dock load batching #2,763,NULL,25,11,305,1,6,37,NULL,NULL,F,NULL,NULL,3,F,NULL,NULL,NULL,NULL,NULL,NULL,NULL,F,F,451,20231005,0
6557,DP-USTR-DORL-18,S_Pack material  (Dock laod#6),763,NULL,25,11,223,1,6,37,NULL,NULL,F,NULL,NULL,3,F,NULL,NULL,NULL,NULL,NULL,NULL,NULL,F,F,451,20231005,0
6558,DP-USTR-DORL-19,S_ Dry 1 cold room,763,NULL,25,11,223,1,6,37,NULL,NULL,F,NULL,NULL,3,F,NULL,NULL,NULL,NULL,NULL,NULL,NULL,F,F,451,20231005,0
6559,DP-USTR-DORL-20,S_ Receiving pit (spiral door) ,763,NULL,25,11,223,1,6,37,NULL,NULL,F,NULL,NULL,3,F,NULL,NULL,NULL,NULL,NULL,NULL,NULL,F,F,451,20231005,0
6560,DP-USTR-DOSW-49,Door driver waiting room,763,NULL,25,11,222,1,6,37,NULL,NULL,F,NULL,NULL,3,F,NULL,NULL,NULL,NULL,NULL,NULL,NULL,F,F,451,20231005,0
6561,DP-USTR-DOSW-50,S-Lab factory Exit door,763,NULL,25,11,222,1,6,37,NULL,NULL,F,NULL,NULL,3,F,NULL,NULL,NULL,NULL,NULL,NULL,NULL,F,F,451,20231005,0
6562,DP-USTR-DOSW-51,Bulk recption Exti door,763,NULL,25,11,222,1,6,37,NULL,NULL,F,NULL,NULL,3,F,NULL,NULL,NULL,NULL,NULL,NULL,NULL,F,F,451,20231005,0
6563,DP-USTR-DOSW-52,Factory lab Exit door,763,NULL,25,11,222,1,6,37,NULL,NULL,F,NULL,NULL,3,F,NULL,NULL,NULL,NULL,NULL,NULL,NULL,F,F,451,20231005,0
6564,DP-USTR-DOSW-53,Batching Exit door,763,NULL,25,11,222,1,6,37,NULL,NULL,F,NULL,NULL,3,F,NULL,NULL,NULL,NULL,NULL,NULL,NULL,F,F,451,20231005,0
6565,DP-USTR-DOSW-54,Duct bank room,763,NULL,25,11,222,1,6,37,NULL,NULL,F,NULL,NULL,3,F,NULL,NULL,NULL,NULL,NULL,NULL,NULL,F,F,451,20231005,0
6566,DP-USTR-DOSW-55,Digest room Exit door,763,NULL,25,11,222,1,6,37,NULL,NULL,F,NULL,NULL,3,F,NULL,NULL,NULL,NULL,NULL,NULL,NULL,F,F,451,20231005,0
6567,DP-USTR-DOSW-56,Entrance door from Dry 2 to DMH,763,NULL,25,11,222,1,6,37,NULL,NULL,F,NULL,NULL,3,F,NULL,NULL,NULL,NULL,NULL,NULL,NULL,F,F,451,20231005,0
6568,DP-USTR-DOSW-57,Transit door in VLM room,763,NULL,25,11,222,1,6,37,NULL,NULL,F,NULL,NULL,3,F,NULL,NULL,NULL,NULL,NULL,NULL,NULL,F,F,451,20231005,0
6569,DP-USTR-DOSW-58,Exit door from set down area,763,NULL,25,11,222,1,6,37,NULL,NULL,F,NULL,NULL,3,F,NULL,NULL,NULL,NULL,NULL,NULL,NULL,F,F,451,20231005,0
6570,DP-USTR-DOSW-59,auto big bag  Exit door (Packing to Set down),763,NULL,25,11,222,1,6,37,NULL,NULL,F,NULL,NULL,3,F,NULL,NULL,NULL,NULL,NULL,NULL,NULL,F,F,451,20231005,0
6571,DP-USTR-DOSW-60,Red corridor to Extruder line#1 door,763,NULL,25,11,222,1,6,37,NULL,NULL,F,NULL,NULL,3,F,NULL,NULL,NULL,NULL,NULL,NULL,NULL,F,F,451,20231005,0
6572,DP-USTR-DOSW-61,Extruder room Exit door,763,NULL,25,11,222,1,6,37,NULL,NULL,F,NULL,NULL,3,F,NULL,NULL,NULL,NULL,NULL,NULL,NULL,F,F,451,20231005,0
6573,DP-USTR-DOSW-62,Door from packing to set down area,763,NULL,25,11,222,1,6,37,NULL,NULL,F,NULL,NULL,3,F,NULL,NULL,NULL,NULL,NULL,NULL,NULL,F,F,451,20231005,0
6574,DP-USTR-DOSW-63,E_ Red corridor Exit door,763,NULL,25,11,222,1,6,37,NULL,NULL,F,NULL,NULL,3,F,NULL,NULL,NULL,NULL,NULL,NULL,NULL,F,F,451,20231005,0
6575,DP-USTR-DOSW-64,E_ Batching Exit door,763,NULL,25,11,222,1,6,37,NULL,NULL,F,NULL,NULL,3,F,NULL,NULL,NULL,NULL,NULL,NULL,NULL,F,F,451,20231005,0
6576,DP-USTR-DOSW-65,E_ packing exit door set down area,763,NULL,25,11,222,1,6,37,NULL,NULL,F,NULL,NULL,3,F,NULL,NULL,NULL,NULL,NULL,NULL,NULL,F,F,451,20231005,0
6577,DP-USTR-DOSW-66,E_ DCC Exit door,763,NULL,25,11,222,1,6,37,NULL,NULL,F,NULL,NULL,3,F,NULL,NULL,NULL,NULL,NULL,NULL,NULL,F,F,451,20231005,0
6579,PT-USTR-DOHP-01,H_batching,6052,NULL,25,13,305,1,6,37,NULL,NULL,F,NULL,NULL,3,F,NULL,NULL,NULL,NULL,NULL,NULL,NULL,F,F,451,20231005,0
6580,PT-USTR-DOHP-02,H_Dye mixing room1,6052,NULL,25,13,305,1,6,37,NULL,NULL,F,NULL,NULL,3,F,NULL,NULL,NULL,NULL,NULL,NULL,NULL,F,F,451,20231005,0
6581,PT-USTR-DOHP-03,H_Dye mixing room2,6052,NULL,25,13,305,1,6,37,NULL,NULL,F,NULL,NULL,3,F,NULL,NULL,NULL,NULL,NULL,NULL,NULL,F,F,451,20231005,0
6582,PT-USTR-DOHP-04,H_Packing 1,6052,NULL,25,13,305,1,6,37,NULL,NULL,F,NULL,NULL,3,F,NULL,NULL,NULL,NULL,NULL,NULL,NULL,F,F,451,20231005,0
6583,PT-USTR-DOHP-05,H_Packing 2,6052,NULL,25,13,305,1,6,37,NULL,NULL,F,NULL,NULL,3,F,NULL,NULL,NULL,NULL,NULL,NULL,NULL,F,F,451,20231005,0
6584,PT-USTR-DOHP-06,H_Dock load inside,6052,NULL,25,13,305,1,6,37,NULL,NULL,F,NULL,NULL,3,F,NULL,NULL,NULL,NULL,NULL,NULL,NULL,F,F,451,20231005,0
6585,PT-USTR-DOHP-07,H_Dock load outside,6052,NULL,25,13,305,1,6,37,NULL,NULL,F,NULL,NULL,3,F,NULL,NULL,NULL,NULL,NULL,NULL,NULL,F,F,451,20231005,0
6586,PT-USTR-DORL-01,S_Blue waste transit inside,6052,NULL,25,13,223,1,6,37,NULL,NULL,F,NULL,NULL,3,F,NULL,NULL,NULL,NULL,NULL,NULL,NULL,F,F,451,20231005,0
6587,PT-USTR-DORL-02,S_Blue waste transit outside,6052,NULL,25,13,223,1,6,37,NULL,NULL,F,NULL,NULL,3,F,NULL,NULL,NULL,NULL,NULL,NULL,NULL,F,F,451,20231005,0
6588,PT-USTR-DORL-03,S_Batching transit inside,6052,NULL,25,13,223,1,6,37,NULL,NULL,F,NULL,NULL,3,F,NULL,NULL,NULL,NULL,NULL,NULL,NULL,F,F,451,20231005,0
6589,PT-USTR-DORL-04,S_Batching transit outside,6052,NULL,25,13,223,1,6,37,NULL,NULL,F,NULL,NULL,3,F,NULL,NULL,NULL,NULL,NULL,NULL,NULL,F,F,451,20231005,0
6590,ST-USTR-DOHP-01,H_CnT packing,763,NULL,25,13,305,1,6,37,NULL,NULL,F,NULL,NULL,3,F,NULL,NULL,NULL,NULL,NULL,NULL,NULL,F,F,451,20231005,0
6591,PM23-14319,LNB EXTRUSION EXTRUDER 1,1414,,23,18,46,1,4,72,,,F,00000080000664,0,2,F,NULL,NULL,NULL,NULL,NULL,NULL,NULL,F,F,549,20240628,0
6592,DP-DRYE-ROT-02,Line 2 Rotary Cylone,202,,5,3,275,NULL,6,8,,,F,000000500000050000082,0,3,F,NULL,NULL,NULL,NULL,NULL,NULL,NULL,F,F,549,20231109,0
6593,DP-DRYE-ROT-01,Line 1 Rotary Cylone,202,,5,3,275,NULL,6,8,,,F,000000500000050000083,0,3,F,NULL,NULL,NULL,NULL,NULL,NULL,NULL,F,F,549,20231109,0
6594,PP-FILA-VACC-05,Central Vacuum Unit 1 for Air cut Unit,874,,5,4,149,1,5,3,,,F,000000600000060000301,0,3,F,NULL,NULL,NULL,NULL,NULL,NULL,NULL,F,F,160,20231110,0
6595,PP-FILA-VACC-06,Central Vacuum Unit 2 for Air cut Unit,874,,5,4,149,1,5,3,,,F,000000600000060000302,0,3,F,NULL,NULL,NULL,NULL,NULL,NULL,NULL,F,F,160,20231110,0
6596,PP-FILA-VACC-T1,Central Vacuum Tank 1 for Filler unit,874,,5,4,149,1,5,3,,,F,000000600000060000303,0,3,F,NULL,NULL,NULL,NULL,NULL,NULL,NULL,F,F,160,20231110,0
6597,PP-FILA-VACC-T2,Central Vacuum Tank 2 for Air cut unit,874,,5,4,149,1,5,3,,,F,000000600000060000304,0,3,F,NULL,NULL,NULL,NULL,NULL,NULL,NULL,F,F,160,20231110,0
6598,DJ-LNA-EXT-ELE,Jaroen Extrusion area ELE & Control,4761,,26,23,294,1,6,16,,,F,000001300000050000027,11,3,F,NULL,NULL,NULL,NULL,NULL,NULL,NULL,F,F,436,20250429,0
6599,DP-CONT-MMIU-17,MMI Hotcream at Batching Office,1322,,26,22,81,1,6,2,,,F,000000500000270000032,0,3,F,NULL,NULL,NULL,NULL,NULL,NULL,NULL,F,F,451,20231115,0
6600,DP-CONT-MMIU-18,MMI Hotcream at Hotcream MCC,1322,,26,22,81,1,6,2,,,F,000000500000270000033,0,3,F,NULL,NULL,NULL,NULL,NULL,NULL,NULL,F,F,451,20231115,0
6601,DP-EXTR-ATAW-02-DIV,ATA Line 2 Diverter Gate,3766,,23,3,5,NULL,4,8,,,F,0000005000000600000470000001,0,4,F,NULL,NULL,NULL,NULL,NULL,NULL,NULL,F,F,549,20231121,0
6602,DJ-DMH-EJB,Electrical Junction Box (Process) at DMH,4765,,26,23,294,1,6,62,,,F,000001300000090000008,14,3,F,NULL,NULL,NULL,NULL,NULL,NULL,NULL,F,F,549,20231221,0
6603,DJ-DMH-MCC,Motor Control Centre at Red MCC,4765,,26,23,290,1,6,76,,,F,000001300000090000009,10,3,F,NULL,NULL,NULL,NULL,NULL,NULL,NULL,F,F,549,20231221,0
6604,DJ-DMH-CTRL,DMH MMI & PLC,4765,,26,23,295,1,6,62,,,F,000001300000090000010,11,3,F,NULL,NULL,NULL,NULL,NULL,NULL,NULL,F,F,549,20231221,0
6605,PP-CONT-DATE-01,DATECODE LINE A,1336,,26,26,64,NULL,6,40,,,F,000000600000330000067,0,3,F,NULL,NULL,NULL,NULL,NULL,NULL,NULL,F,F,35,20240126,0
6606,PP-CONT-DATE-02,DATECODE LINE B,1336,,26,26,64,NULL,6,40,,,F,000000600000330000068,0,3,F,NULL,NULL,NULL,NULL,NULL,NULL,NULL,F,F,35,20240126,0
6607,PP-CONT-DATE-03,DATECODE LINE C,1336,,26,26,64,NULL,6,40,,,F,000000600000330000069,0,3,F,NULL,NULL,NULL,NULL,NULL,NULL,NULL,F,F,35,20240126,0
6608,PP-CONT-DATE-04,DATECODE LINE D,1336,,26,26,64,NULL,6,40,,,F,000000600000330000070,0,3,F,NULL,NULL,NULL,NULL,NULL,NULL,NULL,F,F,35,20240126,0
6609,PP-CONT-EECN-54,SICK FILLER 7,1336,,26,26,159,1,5,40,,,F,000000600000330000071,0,3,F,NULL,NULL,NULL,NULL,NULL,NULL,NULL,F,F,35,20240126,0
6610,PP-CONT-EECN-55,SICK FILLER 8,1336,,26,26,159,1,5,40,,,F,000000600000330000072,0,3,F,NULL,NULL,NULL,NULL,NULL,NULL,NULL,F,F,35,20240126,0
6611,PP-CONT-EECN-56,SICK FILLER 9,1336,,26,26,159,1,5,40,,,F,000000600000330000073,0,3,F,NULL,NULL,NULL,NULL,NULL,NULL,NULL,F,F,35,20240126,0
6612,PP-CONT-EECN-57,CONTROL CABINET DRYER 1,1336,,26,26,159,1,5,40,,,F,000000600000330000074,0,3,F,NULL,NULL,NULL,NULL,NULL,NULL,NULL,F,F,35,20240126,0
6613,PP-CONT-EECN-58,CONTROL CABINET DRYER 3,1336,,26,26,159,1,5,40,,,F,000000600000330000075,0,3,F,NULL,NULL,NULL,NULL,NULL,NULL,NULL,F,F,35,20240126,0
6614,PP-CONT-EECN-59,DCR CUTTER,1336,,26,26,159,1,5,40,,,F,000000600000330000076,0,3,F,NULL,NULL,NULL,NULL,NULL,NULL,NULL,F,F,35,20240126,0
6615,PP-CONT-EECN-60,Control Cabinet Lifter for Gel Tank 2,1336,,26,26,159,3,5,40,,,F,000000600000330000077,0,3,F,NULL,NULL,NULL,NULL,NULL,NULL,NULL,F,F,35,20240126,0
6616,PP-CONT-EECN-61,Control Cabinet Lifter for Gel Tank 3,1336,,26,26,159,3,5,40,,,F,000000600000330000078,0,3,F,NULL,NULL,NULL,NULL,NULL,NULL,NULL,F,F,35,20240126,0
6617,PP-CONT-HRCI-61,NA,1336,,26,26,159,3,5,40,,,F,000000600000330000079,0,3,F,NULL,NULL,NULL,NULL,NULL,NULL,NULL,F,F,35,20240126,0
6618,PP-CONT-HRCI-60,NA,1336,,26,26,159,3,5,40,,,F,000000600000330000080,0,3,F,NULL,NULL,NULL,NULL,NULL,NULL,NULL,F,F,35,20240126,0
6619,PP-CONT-EECN-XXX,NA,1336,,26,26,159,1,5,40,,,F,000000600000330000081,0,3,F,NULL,NULL,NULL,NULL,NULL,NULL,NULL,F,F,35,20240126,0
6620,PP-CONT-HRCI-59,NA,1336,,26,26,159,3,5,40,,,F,000000600000330000082,0,3,F,NULL,NULL,NULL,NULL,NULL,NULL,NULL,F,F,35,20240126,0
6621,PP-CONT-HRCI-62,NA,1336,,26,26,159,3,5,40,,,F,000000600000330000083,0,3,F,NULL,NULL,NULL,NULL,NULL,NULL,NULL,F,F,35,20240126,0
6622,PP-CONT-HRCI-63,NA,1336,,26,26,159,3,5,40,,,F,000000600000330000084,0,3,F,NULL,NULL,NULL,NULL,NULL,NULL,NULL,F,F,35,20240126,0
6623,PP-CONT-HRCI-64,NA,1336,,26,26,159,3,5,40,,,F,000000600000330000085,0,3,F,NULL,NULL,NULL,NULL,NULL,NULL,NULL,F,F,35,20240126,0
6624,PP-CONT-EECN-62,Control Cabinet Lifter for Gel Tank 4,1336,,26,26,159,1,5,40,,,F,000000600000330000086,0,3,F,NULL,NULL,NULL,NULL,NULL,NULL,NULL,F,F,35,20240126,0
6625,PP-MCCR-EECN-21,MCC 2 UPS Cabinet,1337,,26,26,40,1,6,21,,(MEMO),F,000000600000340000030,0,3,F,NULL,NULL,NULL,NULL,NULL,NULL,NULL,F,F,35,20240126,0
6626,PP-CONT-HRCI-01,SCANNER HRCI GEL POWDER,1336,,26,26,159,1,5,40,,,F,000000600000330000087,0,3,F,NULL,NULL,NULL,NULL,NULL,NULL,NULL,F,F,35,20240126,0
6627,PP-CONT-HRCI-02,SCANNER HRCI BINDER POWDER,1336,,26,26,159,1,5,40,,,F,000000600000330000088,0,3,F,NULL,NULL,NULL,NULL,NULL,NULL,NULL,F,F,35,20240126,0
6628,PP-CONT-HRCI-03,SCANNER HRCI GEL MAKEUP T1-T4,1336,,26,26,159,1,5,40,,,F,000000600000330000089,0,3,F,NULL,NULL,NULL,NULL,NULL,NULL,NULL,F,F,35,20240126,0
6629,PP-CONT-HRCI-04,SCANNER HRCI GEL MAKEUP T2-T3,1336,,26,26,159,1,5,40,,,F,000000600000330000090,0,3,F,NULL,NULL,NULL,NULL,NULL,NULL,NULL,F,F,35,20240126,0
6630,PP-CONT-HRCI-05,SCANNER HRCI OFM1,1336,,26,26,159,1,5,40,,,F,000000600000330000091,0,3,F,NULL,NULL,NULL,NULL,NULL,NULL,NULL,F,F,35,20240126,0
6631,PP-CONT-HRCI-06,SCANNER HRCI OFM2,1336,,26,26,159,1,5,40,,,F,000000600000330000092,0,3,F,NULL,NULL,NULL,NULL,NULL,NULL,NULL,F,F,35,20240126,0
6632,PP-CONT-EECN-63,MCC22-E,1336,,26,26,159,1,5,40,,,F,000000600000330000093,0,3,F,NULL,NULL,NULL,NULL,NULL,NULL,NULL,F,F,35,20240126,0
6633,PP-MCCR-EECN-22,MCC 2 SICK FILLER 9,1337,,26,26,40,1,5,21,,(MEMO),F,000000600000340000031,0,3,F,NULL,NULL,NULL,NULL,NULL,NULL,NULL,F,F,35,20240126,0
6634,PP-MCCR-EECN-23,MCC 2 SICK FILLER 10,1337,,26,26,40,1,5,21,,(MEMO),F,000000600000340000032,0,3,F,NULL,NULL,NULL,NULL,NULL,NULL,NULL,F,F,35,20240126,0
6635,PP-MCCR-EECN-24,MCC 2 RIO  FILLER 9,1337,,26,26,40,1,5,21,,(MEMO),F,000000600000340000033,0,3,F,NULL,NULL,NULL,NULL,NULL,NULL,NULL,F,F,35,20240126,0
6636,PP-MCCR-EECN-25,MCC 2 RIO  FILLER 10,1337,,26,26,40,1,5,21,,(MEMO),F,000000600000340000034,0,3,F,NULL,NULL,NULL,NULL,NULL,NULL,NULL,F,F,35,20240126,0
6637,SN-PKG-KHS-PCO-01,KHS Repack pneumetic conveyor,5223,,23,17,85,1,7,9,DRY 2,KHS REPACK 2024,F,000001400000050000030,0,3,F,NULL,NULL,NULL,NULL,NULL,NULL,NULL,F,F,42,20240205,0
6638,DP-HCRM-PUMS-08,CREAM TRANSFER PUMP _PMP33,1414,,23,30,265,1,5,8,HOT CREAM AREA,,F,000000500000540000017,0,3,F,NULL,NULL,NULL,NULL,NULL,NULL,NULL,F,F,67,20240210,0
6639,PP-USTR-DCKL-07,Loading Dock Cold room Pouch,1240,,5,12,32,1,6,4,,(MEMO),F,000000600000290000017,0,3,F,NULL,NULL,NULL,NULL,NULL,NULL,NULL,F,F,451,20240301,0
6640,DP-USTR-DCKL-08,Loading Dock Receiving Dry1,763,,25,11,32,1,6,37,,,F,000000500000220000007,0,3,F,NULL,NULL,NULL,NULL,NULL,NULL,NULL,F,F,451,20240301,0
6641,DP-HCRM-HTWT,Dry1 Hot Cream Hot water system,6457,,23,3,308,1,5,1,,,F,000000500000540000018,6,3,F,NULL,NULL,NULL,NULL,NULL,NULL,NULL,F,F,451,20240308,0
6642,DP-HCRM-HEAT,Dry1 Hot Cream Heating Skid,6457,,23,3,309,1,5,1,,,F,000000500000540000019,8,3,F,NULL,NULL,NULL,NULL,NULL,NULL,NULL,F,F,549,20240318,0
6643,DP-HCRM-HOLD,Dry1 Hot Cream Holding Tube,6457,,23,3,310,1,5,1,,,F,000000500000540000020,4,3,F,NULL,NULL,NULL,NULL,NULL,NULL,NULL,F,F,451,20240308,0
6644,DP-HCRM-DP-HCRM-COOL,Dry1 Hot Cream Cooling Skid,1414,,23,3,25,1,5,1,,,F,00000080000658,0,2,F,NULL,NULL,NULL,NULL,NULL,NULL,NULL,F,F,451,20240308,0
6645,DP-HCRM-COOL,Dry1 Hot Cream Cooling Skid,6457,,23,3,25,1,5,1,,,F,000000500000540000022,6,3,F,NULL,NULL,NULL,NULL,NULL,NULL,NULL,F,F,451,20240308,0
6646,GP-UMOB-TUKS-02,Truck scale 60 TON Gate 2,32,,5,16,230,1,7,4,,,F,000000100000030000005,0,3,F,NULL,NULL,NULL,NULL,NULL,NULL,NULL,F,F,455,20240308,0
6647,DP-LIQU-TANK-18,Digest cooker tank 3,287,,5,3,313,NULL,6,7,,,F,000000500000070000031,0,3,F,NULL,NULL,NULL,NULL,NULL,NULL,NULL,F,F,451,20250722,0
6648,DP-EXTR-DIVE-07,Sampling gate Extruder line 2,256,,5,3,35,1,7,8,,,F,000000500000060000063,0,3,F,NULL,NULL,NULL,NULL,NULL,NULL,NULL,F,F,549,20240430,0
6649,PP-PACK-OPEN-01,Open bag Machine 01,1098,,5,4,230,1,6,19,,(MEMO),F,000000600000150000074,0,3,F,NULL,NULL,NULL,NULL,NULL,NULL,NULL,F,F,116,20240520,0
6650,DP-EXTR-COM,common utility extruder,256,,25,3,230,NULL,3,73,,,F,000000500000060000064,7,3,F,NULL,NULL,NULL,NULL,NULL,NULL,NULL,F,F,549,20240606,0
6651,ST-PACK-BELT-PACK,C&T Packing Belt conveyor,1293,,23,5,8,1,5,19,,,F,000000700000050000040,9,3,F,NULL,NULL,NULL,NULL,NULL,NULL,NULL,F,F,549,20240606,0
6652,PP-FISA-BELT-08,Infeed Conveyor of Fish Shredded,1012,,5,4,8,NULL,7,3,,(MEMO),F,000000600000500000032,0,3,F,NULL,NULL,NULL,NULL,NULL,NULL,NULL,F,F,152,20240617,0
6653,DP-EXTR-EJB,Electrical junction box Extruder room,256,,5,3,46,NULL,6,8,,,F,000000500000060000065,2,3,F,NULL,NULL,NULL,NULL,NULL,NULL,NULL,F,F,549,20240624,0
6654,DP-EXTR-EJB-JB4-2,Electrical junction box JB 4-2,6653,,5,3,46,NULL,6,8,,,F,0000005000000600000650000001,0,4,F,NULL,NULL,NULL,NULL,NULL,NULL,NULL,F,F,549,20240624,0
6655,DP-EXTR-EJB-JB5-2,Electrical junction box JB 5-2,6653,,5,3,46,NULL,6,8,,,F,0000005000000600000650000002,0,4,F,NULL,NULL,NULL,NULL,NULL,NULL,NULL,F,F,549,20240624,0
6656,DJ-LNA-LIW-SCV1,LNA Loss In Weight screw conveyor,5514,,23,17,123,NULL,5,64,,,F,00000130000005000002300000130000002,0,5,F,NULL,NULL,NULL,NULL,NULL,NULL,NULL,F,F,436,20250429,0
6658,SN-USTR,Structural & Architecture system,4458,,25,21,230,1,6,4,,,F,00000140000012,3,2,F,NULL,NULL,NULL,NULL,NULL,NULL,NULL,F,F,2,20240805,0
6660,SN-USTR-STAR-01,Structural & Architectural at sanook plant,6658,,5,21,230,1,4,4,,,F,000001400000120000001,0,3,F,NULL,NULL,NULL,NULL,NULL,NULL,NULL,F,F,2,20240805,0
6661,PP-UFPT-GDTT-01,Gas Detector Pouch,1227,,25,12,164,1,6,4,,,F,000000600000250000013,0,3,F,NULL,NULL,NULL,NULL,NULL,NULL,NULL,F,F,2,20240806,0
6662,DP-UFPT-GDTT-01,Gas Detector Dry,748,,25,11,164,1,6,4,,,F,000000500000190000016,0,3,F,NULL,NULL,NULL,NULL,NULL,NULL,NULL,F,F,2,20240806,0
6663,SN-UFPT,Fire protection system,4458,,25,21,230,1,6,4,,,F,00000140000013,1,2,F,NULL,NULL,NULL,NULL,NULL,NULL,NULL,F,F,2,20240806,0
6664,SN-UFPT-GDTT-01,Gas Detector Sanook,6663,,25,21,164,1,5,35,,,F,000001400000130000001,0,3,F,NULL,NULL,NULL,NULL,NULL,NULL,NULL,F,F,2,20240807,0
6665,PP-SAUA-PUMS-08,Feed protein station,1147,,5,4,115,1,6,3,FRONT PROCESS,,F,000000600000530000032,0,3,F,NULL,NULL,NULL,NULL,NULL,NULL,NULL,F,F,152,20240906,0
6666,DJ-USTR-DCKL-01,Loading Dock Batching Dry2,5522,,25,20,32,1,6,37,,,F,000001300000310000005,0,3,F,NULL,NULL,NULL,NULL,NULL,NULL,NULL,F,F,2,20241001,0
6667,DJ-USTR-DCKL-02,Loading Dock Receiving Dry2,5522,,25,20,32,1,6,37,,,F,000001300000310000006,0,3,F,NULL,NULL,NULL,NULL,NULL,NULL,NULL,F,F,2,20241001,0
6668,PT-USTR-DCKL-01,Loading Dock VLM,6788,,25,13,32,1,6,37,,,F,0000071000001000000040000001,0,4,F,NULL,NULL,NULL,NULL,NULL,NULL,NULL,F,F,455,20251111,0
6669,PS-UELE,Electrical system PST,5962,,25,13,230,1,6,4,,,F,00000710000015,4,2,F,NULL,NULL,NULL,NULL,NULL,NULL,NULL,F,F,2,20241002,0
6670,PS-UELE-EMEL-01,Emergency lights PST,6669,,25,13,42,1,6,4,,,F,000007100000150000001,0,3,F,NULL,NULL,NULL,NULL,NULL,NULL,NULL,F,F,2,20241002,0
6671,PS-UELE-EXTL-01,Exit lights PST,6669,,25,13,45,1,6,4,,,F,000007100000150000002,0,3,F,NULL,NULL,NULL,NULL,NULL,NULL,NULL,F,F,2,20241002,0
6672,DP-STOR-FAN01,Workshop area ventilation fan,3130,,23,2,181,1,4,42,,,F,000000500000370000004,0,3,F,NULL,NULL,NULL,NULL,NULL,NULL,NULL,F,F,549,20241112,0
6673,DJ-MJR-SIL-01,Majors handling Silo 01,4756,,23,17,262,NULL,5,66,,,F,000001300000020000006,5,3,F,NULL,NULL,NULL,NULL,NULL,NULL,NULL,F,F,549,20241114,0
6674,DJ-MJR-SIL-01-FAN-01,Majors handling S01 Fan 01,6673,,23,17,127,NULL,5,66,,,F,0000013000000200000060000001,0,4,F,NULL,NULL,NULL,NULL,NULL,NULL,NULL,F,F,549,20241114,0
6675,DJ-MJR-SIL-01-FIL-01,Majors handling S01 Filter 01,6673,,23,17,262,NULL,5,66,,,F,0000013000000200000060000002,0,4,F,NULL,NULL,NULL,NULL,NULL,NULL,NULL,F,F,549,20241114,0
6676,DJ-MJR-SIL-01-SCV-01,Majors handling S01 Screw coveyor  01,6673,,23,17,123,NULL,5,66,,,F,0000013000000200000060000003,0,4,F,NULL,NULL,NULL,NULL,NULL,NULL,NULL,F,F,549,20241114,0
6677,DJ-MJR-SIL-01-SGT-01,Majors handling S01 Slide gate  01,6673,,23,17,262,NULL,5,66,,,F,0000013000000200000060000004,0,4,F,NULL,NULL,NULL,NULL,NULL,NULL,NULL,F,F,549,20241114,0
6678,DJ-MJR-SIL-01-VIB-01,Majors handling S01 Vibrator 01,6673,,23,17,277,1,6,66,,,F,0000013000000200000060000005,0,4,F,NULL,NULL,NULL,NULL,NULL,NULL,NULL,F,F,549,20241114,0
6679,PP-CHIA-BELT-04,Infeed screw to Irregular dicer of Chicken oven,809,,5,4,123,NULL,6,23,,,F,000000600000470000022,0,3,F,NULL,NULL,NULL,NULL,NULL,NULL,NULL,F,F,152,20250109,0
6680,DJ-LQB-SK-201,Beef Tallow blue liquid skid,1414,,23,17,230,NULL,5,64,,,F,00000080000672,2,2,F,NULL,NULL,NULL,NULL,NULL,NULL,NULL,F,F,436,20250114,0
6681,DJ-LQB-EXT-PMP 01,Beef Tallow transfer pump to extruder (M40),6680,,23,17,265,1,5,64,,,F,000000800006720000001,0,3,F,NULL,NULL,NULL,NULL,NULL,NULL,NULL,F,F,436,20250113,0
6682,DJ-LQB-EXT-PMP 02,Beef Tallow transfer pump to coater (M41),6680,,23,17,265,1,5,64,,,F,000000800006720000002,0,3,F,NULL,NULL,NULL,NULL,NULL,NULL,NULL,F,F,436,20250113,0
6683,DJ-LQB-SKD-202,Palm stearin blue liquid skid,5659,,23,17,115,1,5,64,,,F,000001300000410000003,2,3,F,NULL,NULL,NULL,NULL,NULL,NULL,NULL,F,F,436,20250114,0
6684,DJ-LQB-EXT-PMP-01,Palm stearin transfer pump to extruder,6683,,23,17,265,1,5,64,,,F,0000013000004100000030000001,0,4,F,NULL,NULL,NULL,NULL,NULL,NULL,NULL,F,F,436,20250113,0
6685,DJ-LQB-PMP-02,Palm stearin transfer pump to hopper batch coater,6683,,23,17,265,1,5,64,,,F,0000013000004100000030000002,0,4,F,NULL,NULL,NULL,NULL,NULL,NULL,NULL,F,F,436,20250114,0
6686,DJ-LQB-SKD-201,Chicken oil blue liquid skid,5659,,23,17,115,1,5,64,,,F,000001300000410000004,2,3,F,NULL,NULL,NULL,NULL,NULL,NULL,NULL,F,F,436,20250114,0
6687,DJ-LQB-EXT-PMP1,Chicken oil blue liquid pump transfer to extruder,6686,,23,17,230,1,5,64,,,F,0000013000004100000040000001,0,4,F,NULL,NULL,NULL,NULL,NULL,NULL,NULL,F,F,436,20250114,0
6688,DJ-LQB-EXT-PMP2,Chicken oil blue liquid pump transfer to coater,6686,,23,17,265,1,5,64,,,F,0000013000004100000040000002,0,4,F,NULL,NULL,NULL,NULL,NULL,NULL,NULL,F,F,436,20250114,0
6689,DJ-LQB-SKD-203,Beef tallow blue liquid skid,5659,,23,17,115,1,5,64,,,F,000001300000410000005,3,3,F,NULL,NULL,NULL,NULL,NULL,NULL,NULL,F,F,436,20250114,0
6690,DJ-LQB-LNB-PMP-01,Beef tallow transfer pump to extruder,6689,,23,17,265,1,5,64,,,F,0000013000004100000050000001,0,4,F,NULL,NULL,NULL,NULL,NULL,NULL,NULL,F,F,436,20250114,0
6691,DJ-LQB-LNB-PMP-03,Beef tallow transfer pump to cream system,6689,,23,17,265,1,5,64,,,F,0000013000004100000050000002,0,4,F,NULL,NULL,NULL,NULL,NULL,NULL,NULL,F,F,436,20250114,0
6692,DJ-LQB-LNB-PMP-02,Beef tallow transfer pump to coater,6689,,23,17,265,1,5,64,,,F,0000013000004100000050000003,0,4,F,NULL,NULL,NULL,NULL,NULL,NULL,NULL,F,F,436,20250114,0
6693,SN-IMS-B09-BEL-01,IMS Intermediate storange bin 9 cross belt conveyor,4538,,23,18,8,1,5,63,,,F,000001400000030000013,0,3,F,NULL,NULL,NULL,NULL,NULL,NULL,NULL,F,F,42,20250122,0
6694,DJ-LNA-RWK-PCV-1,LNA Rework pneumatic conveyor M17 (30 Kw.) root blower,5560,,23,17,85,1,5,64,,,F,0000013000000500000160000020,0,4,F,NULL,NULL,NULL,NULL,NULL,NULL,NULL,F,F,436,20250310,0
6695,DP-RECE-EECN-01,Receiving area Dust Collecter Control Cabinet,653,,26,22,40,1,4,2,,,F,000000500000120000041,0,3,F,NULL,NULL,NULL,NULL,NULL,NULL,NULL,F,F,451,20250312,0
6696,DP-EXTR-BELT-01N,Line 2 extruder news rope crimper infeed belt conveyor,256,,23,3,8,1,5,16,,,F,000000500000060000066,0,3,F,NULL,NULL,NULL,NULL,NULL,NULL,NULL,F,F,436,20250317,0
6697,DP-EXTR-BELT-02N,Line 2 extruder news rope crimper outfeed belt conveyor,256,,23,3,8,1,5,16,,,F,000000500000060000067,0,3,F,NULL,NULL,NULL,NULL,NULL,NULL,NULL,F,F,436,20250317,0
6698,DP-EXTR-CRIM-01N,Line 2 extruder news pocket kibble Crimper,256,,23,3,30,1,5,16,,,F,000000500000060000068,0,3,F,NULL,NULL,NULL,NULL,NULL,NULL,NULL,F,F,436,20250317,0
6699,DJ-PKG-BBJ-ABB-01,Packing J1 Auto Big bag,4764,,23,17,259,1,5,9,PACKING J1,GROUP MACHINE J1,F,000001300000080000042,8,3,F,NULL,NULL,NULL,NULL,NULL,NULL,NULL,F,F,42,20250325,10000
6700,DJ-LNA-DYG-VDR-01,LNA Jaroen vertical dryer spreader belt distributer,5560,,23,17,38,1,5,64,,,F,0000013000000500000160000022,0,4,F,NULL,NULL,NULL,NULL,NULL,NULL,NULL,F,F,436,20250326,0
6701,DP-USTR-SHTR,Shutter door Dry1,763,,25,11,311,1,6,37,,,F,000000500000220000008,0,3,F,NULL,NULL,NULL,NULL,NULL,NULL,NULL,F,F,168,20250403,0
6702,DJ-USTR-SHTR,Shutter door Jaroen,5522,,25,20,311,1,6,37,,,F,000001300000310000009,0,3,F,NULL,NULL,NULL,NULL,NULL,NULL,NULL,F,F,2,20250402,0
6703,SN-USTR-SHTR,Shutter door Sanook,6658,,25,21,311,1,6,37,,,F,000001400000120000002,0,3,F,NULL,NULL,NULL,NULL,NULL,NULL,NULL,F,F,2,20250402,0
6704,DP-USTR-ROOF,Roof terrace and roof drain Dry1,763,,25,11,312,1,6,37,,,F,000000500000220000009,0,3,F,NULL,NULL,NULL,NULL,NULL,NULL,NULL,F,F,2,20250403,0
6705,DJ-USTR-ROOF,"Roof, terrace and roof drain Jaroen",5522,,25,20,312,1,6,37,,,F,000001300000310000010,0,3,F,NULL,NULL,NULL,NULL,NULL,NULL,NULL,F,F,455,20251104,0
6706,SN-USTR-ROOF,Roof terrace and roof drain Sanook,6658,,25,21,312,1,6,37,,,F,000001400000120000003,0,3,F,NULL,NULL,NULL,NULL,NULL,NULL,NULL,F,F,2,20250403,0
6707,PP-USTR-ROOF,"Roof, terrace and roof drain Pouch",1240,,25,12,312,1,6,37,,,F,000000600000290000018,0,3,F,NULL,NULL,NULL,NULL,NULL,NULL,NULL,F,F,455,20251104,0
6708,GP-UELE-EEPM-01,Outlet receptacle system General,1,,25,16,40,1,7,4,,,F,00000010000020,0,2,F,NULL,NULL,NULL,NULL,NULL,NULL,NULL,F,F,2,20250421,0
6709,DJ-PKG-BBJ-SPU-01,Packing big bag Spout,6699,,23,17,217,1,5,68,,,F,0000013000000800000420000008,0,4,F,NULL,NULL,NULL,NULL,NULL,NULL,NULL,F,F,42,20250423,0
6710,DP-PACK-PABB-01,Auto Pack Big Bag machine line 1,538,,29,3,52,1,5,19,,2022,F,000000500000100000216,12,3,F,NULL,NULL,NULL,NULL,NULL,NULL,NULL,F,F,42,20250424,0
6711,DP-PACK-SPOU-01,Packing Auto Pack Spout unit,6710,,29,3,52,1,5,19,,,F,0000005000001000002160000004,0,4,F,NULL,NULL,NULL,NULL,NULL,NULL,NULL,F,F,42,20250424,0
6712,DP-PACK-WRIP-05,Packing Auto Pack Wraping machine,6480,,29,3,155,NULL,6,9,,,F,0000005000001000002150000008,0,4,F,NULL,NULL,NULL,NULL,NULL,NULL,NULL,F,F,42,20250426,0
6713,DP-PACK-ROLL-10,Packing Robot roller conveyor 2,6480,,29,3,120,1,6,19,,,F,0000005000001000002150000009,0,4,F,NULL,NULL,NULL,NULL,NULL,NULL,NULL,F,F,42,20250426,0
6714,DP-PACK-TRAN-02,Auto bigbag transfer Unit Top sheet,6480,,5,3,35,1,5,19,PACKING DRY1,INSTALL 2022,F,0000005000001000002150000010,0,4,F,NULL,NULL,NULL,NULL,NULL,NULL,NULL,F,F,42,20250426,0
6715,DJ-PKG-BBJ-BTS-02,Auto palletizer top sheet station,6024,,23,17,217,1,5,68,,,F,0000013000000800000150000009,0,4,F,NULL,NULL,NULL,NULL,NULL,NULL,NULL,F,F,42,20250428,0
6716,DJ-PKG-BBJ-BEL-19,Auto big bag drop belt conveyor,5225,,29,17,8,1,6,19,,,F,0000013000000800000430000005,0,4,F,NULL,NULL,NULL,NULL,NULL,NULL,NULL,F,F,42,20250428,0
6717,DJ-LNA-EXT-DYE,LNA Jaroen extruder dye pulse skid,6110,,23,17,265,1,5,64,,,F,0000013000000500000230000020,2,4,F,NULL,NULL,NULL,NULL,NULL,NULL,NULL,F,F,436,20250429,0
6718,PP-CONT-EECN-64,OFM2 URCHEL,1336,,30,26,159,1,5,2,,,F,000000600000330000094,0,3,F,NULL,NULL,NULL,NULL,NULL,NULL,NULL,F,F,35,20250513,0
6719,DP-LIQU-PUMS-33,Digest make up tank transfer pump to dry2,287,,23,3,265,1,5,15,,,F,000000500000070000032,0,3,F,NULL,NULL,NULL,NULL,NULL,NULL,NULL,F,F,561,20250522,0
6720,DP-LIUD-TANK-01,Liquid tank,4763,,29,17,141,1,6,75,,TO REPAIR LEAK,F,000001300000070000034,0,3,F,NULL,NULL,NULL,NULL,NULL,NULL,NULL,F,F,42,20250528,0
6721,DJ-LNA-FIL-01,LNA Smell collector (filter box floor8.),5560,,23,17,270,1,5,64,,,F,0000013000000500000160000030,0,4,F,NULL,NULL,NULL,NULL,NULL,NULL,NULL,F,F,436,20251124,0
6722,DP-PACK-PACK-02,Dry1 Packing Line 2,538,,23,3,217,4,6,19,,WAITING UPDATE 23/06/2025,F,000000500000100000224,13,3,F,NULL,NULL,NULL,NULL,NULL,NULL,NULL,F,F,42,20250627,0
6723,DP-PACK-PACK-03,Dry1 Packing Line 3,538,,23,3,217,4,6,19,,WAITING UPDATE 23/06/2025,F,000000500000100000225,13,3,F,NULL,NULL,NULL,NULL,NULL,NULL,NULL,F,F,42,20250627,0
6724,DP-PACK-PACK-04,Dry1 Packing Line 4,538,,23,3,217,4,6,19,,WAITING UPDATE 23/06/2025,F,000000500000100000226,15,3,F,NULL,NULL,NULL,NULL,NULL,NULL,NULL,F,F,42,20250627,0
6725,DP-PACK-PACK-05,Dry1 Packing Line 5,538,,23,3,217,4,6,19,,WAITING UPDATE 23/06/2025,F,000000500000100000227,13,3,F,NULL,NULL,NULL,NULL,NULL,NULL,NULL,F,F,42,20250627,0
6726,DP-PACK-PACK-06,Dry1 Packing Line 6,538,,23,3,217,4,6,19,,WAITING UPDATE 23/06/2025,F,000000500000100000223,11,3,F,NULL,NULL,NULL,NULL,NULL,NULL,NULL,F,F,42,20250627,0
6727,DP-HCRM-COOL-HEX-01,Hot cream Process Terlotherm Cooling skid _Hxe 31,6645,,23,3,43,1,5,18,,,F,0000005000005400000220000002,0,4,F,NULL,NULL,NULL,NULL,NULL,NULL,NULL,F,F,549,20250623,0
6728,DP-HCRM-COOL-PMP-01,Hot cream process discharge pump Cooling skid _Mpm 31,6645,,23,3,43,1,5,18,,,F,0000005000005400000220000001,0,4,F,NULL,NULL,NULL,NULL,NULL,NULL,NULL,F,F,549,20250623,0
6729,DP-HCRM-COOL-PMP-02,Colloid mill pump cooling skid,6645,,23,3,43,1,5,18,,,F,0000005000005400000220000003,0,4,F,NULL,NULL,NULL,NULL,NULL,NULL,NULL,F,F,549,20250623,0
6730,DP-HCRM-COOL-PMP-03,Hot cream process transfer pump_PMP33,6645,,23,3,43,1,5,18,,,F,0000005000005400000220000004,0,4,F,NULL,NULL,NULL,NULL,NULL,NULL,NULL,F,F,549,20250623,0
6731,DP-HCRM-COOL-TNK-01,Hot cream process agitator tank cooling skid,6645,,23,3,43,1,5,18,,,F,0000005000005400000220000005,0,4,F,NULL,NULL,NULL,NULL,NULL,NULL,NULL,F,F,549,20250623,0
6732,DP-HCRM-COOL-VLV-01,Hot cream process cream return valve YVC04,6645,,23,3,43,1,5,18,,,F,0000005000005400000220000006,0,4,F,NULL,NULL,NULL,NULL,NULL,NULL,NULL,F,F,549,20250623,0
6733,DP-HCRM-HEAT-EMS-01,Hot cream process colloid mill pump heating skid,6642,,23,3,29,1,5,18,,,F,0000005000005400000190000001,0,4,F,NULL,NULL,NULL,NULL,NULL,NULL,NULL,F,F,549,20250623,0
6734,DP-HCRM-HEAT-HEX-01,Plate Heat exchanger _Hex 11,6642,,23,3,29,1,5,18,,,F,0000005000005400000190000002,0,4,F,NULL,NULL,NULL,NULL,NULL,NULL,NULL,F,F,549,20250623,0
6735,DP-HCRM-HEAT-HEX-02,Hot cream Process Terlotherm heating skid,6642,,23,3,29,1,5,18,,,F,0000005000005400000190000003,0,4,F,NULL,NULL,NULL,NULL,NULL,NULL,NULL,F,F,549,20250623,0
6736,DP-HCRM-HEAT-LIW-01,Hot cream process loss in weight _Liw 11,6642,,23,3,29,1,5,18,,,F,0000005000005400000190000004,0,4,F,NULL,NULL,NULL,NULL,NULL,NULL,NULL,F,F,549,20250623,0
6737,DP-HCRM-HEAT-PMP-01,Hot cream process discharge pump heating skid,6642,,23,3,29,1,5,18,,,F,0000005000005400000190000005,0,4,F,NULL,NULL,NULL,NULL,NULL,NULL,NULL,F,F,549,20250623,0
6738,DP-HCRM-HEAT-PMX-01,Hot cream process IKA mixer_pmx 11,6642,,23,3,29,1,5,18,,,F,0000005000005400000190000006,0,4,F,NULL,NULL,NULL,NULL,NULL,NULL,NULL,F,F,549,20250623,0
6739,DP-HCRM-HEAT-TNK-01,Hot cream process agitator tank heating skid,6642,,23,3,29,1,5,18,,,F,0000005000005400000190000007,0,4,F,NULL,NULL,NULL,NULL,NULL,NULL,NULL,F,F,549,20250623,0
6740,DP-HCRM-HEAT-VAL-01,Hot cream process CCP valve,6642,,23,3,29,1,5,18,,,F,0000005000005400000190000008,0,4,F,NULL,NULL,NULL,NULL,NULL,NULL,NULL,F,F,549,20250623,0
6741,DP-HCRM-HOLD-PMP-01,Hot cream process drain cream discharge pump,6643,,23,3,29,1,5,18,,,F,0000005000005400000200000001,0,4,F,NULL,NULL,NULL,NULL,NULL,NULL,NULL,F,F,549,20250623,0
6742,DP-HCRM-HOLD-TNK-01,Hot cream process holding tube 01,6643,,23,3,29,1,5,18,,,F,0000005000005400000200000002,0,4,F,NULL,NULL,NULL,NULL,NULL,NULL,NULL,F,F,549,20250623,0
6743,DP-HCRM-HOLD-TNK-02,Hot cream process holding tube 02,6643,,23,3,29,1,5,18,,,F,0000005000005400000200000003,0,4,F,NULL,NULL,NULL,NULL,NULL,NULL,NULL,F,F,549,20250623,0
6744,DP-HCRM-HOLD-TNK-03,Hot cream process holding tube 03,6643,,23,3,29,1,5,18,,,F,0000005000005400000200000004,0,4,F,NULL,NULL,NULL,NULL,NULL,NULL,NULL,F,F,549,20250623,0
6745,DP-HCRM-HTWT-HEX-01,Heat exchanger tube,6641,,23,3,29,1,5,18,,,F,0000005000005400000180000001,0,4,F,NULL,NULL,NULL,NULL,NULL,NULL,NULL,F,F,549,20250623,0
6746,DP-HCRM-HTWT-PIP-01,Hot water process Piping supply,6641,,23,3,29,1,5,18,,,F,0000005000005400000180000002,0,4,F,NULL,NULL,NULL,NULL,NULL,NULL,NULL,F,F,549,20250623,0
6747,DP-HCRM-HTWT-PMP-01,Hot water pump _PMP 41,6641,,23,3,29,1,5,18,,,F,0000005000005400000180000003,0,4,F,NULL,NULL,NULL,NULL,NULL,NULL,NULL,F,F,549,20250623,0
6748,DP-HCRM-HTWT-PMP-02,Hot water pump _PMP 42,6641,,23,3,29,1,5,18,,,F,0000005000005400000180000004,0,4,F,NULL,NULL,NULL,NULL,NULL,NULL,NULL,F,F,549,20250623,0
6749,DP-HCRM-HTWT-STS-01,Steam supply process,6641,,23,3,29,1,5,18,,,F,0000005000005400000180000005,0,4,F,NULL,NULL,NULL,NULL,NULL,NULL,NULL,F,F,549,20250623,0
6750,DP-HCRM-HTWT-TNK-01,Water supply process pressure tank,6641,,23,3,29,1,5,18,,,F,0000005000005400000180000006,0,4,F,NULL,NULL,NULL,NULL,NULL,NULL,NULL,F,F,549,20250623,0
6751,PP-UVEN-INTF-09,Intake Fan (Pack master),1246,,5,12,65,1,4,31,,,F,000000600000300000019,0,3,F,NULL,NULL,NULL,NULL,NULL,NULL,NULL,F,F,2,20250711,0
6752,SN-LNB-EXT-EXD-01M5,LNB Extrusion Extruder motor,4646,,23,18,46,1,5,72,,,F,0000073,0,1,F,NULL,NULL,NULL,NULL,NULL,NULL,NULL,F,F,436,20250715,0
6753,DJ-DMH-GR1-MIL1-M93,Dry Jaroen DMH Grinder 1 motor,4769,,23,17,254,1,5,62,,,F,0000013000000900000040000003,0,4,F,NULL,NULL,NULL,NULL,NULL,NULL,NULL,F,F,436,20250715,0
6754,DJ-DMH-GR2-MIL1-M97,Dry Jaroen DMH Grinder 2 motor,4770,,23,17,254,1,5,62,,,F,0000013000000900000050000002,0,4,F,NULL,NULL,NULL,NULL,NULL,NULL,NULL,F,F,436,20250715,0
6756,GP-UPWT-RECY,Water Recycle Tank,35,,25,16,191,1,5,29,,,F,000000100000040000062,0,3,F,NULL,NULL,NULL,NULL,NULL,NULL,NULL,F,F,2,20250808,0
6757,DJ-LNA-LIW-STR-01,LNA loss in weight stirrer motor 5.5 kw.,5514,,23,17,276,1,5,64,,,F,00000130000005000002300000130000004,0,5,F,NULL,NULL,NULL,NULL,NULL,NULL,NULL,F,F,436,20250821,0
6758,DJ-LNA-DYG-FAN-05,Line A Dryer blower circulation1 M12 (55 Kw.),5560,,23,17,252,1,5,64,,,F,0000013000000500000160000023,0,4,F,NULL,NULL,NULL,NULL,NULL,NULL,NULL,F,F,436,20250902,0
6759,DJ-LNA-DYG-FAN-07,Line A Dryer blower circulation2 M15 (55 Kw.),5560,,23,17,252,1,5,64,,,F,0000013000000500000160000024,0,4,F,NULL,NULL,NULL,NULL,NULL,NULL,NULL,F,F,436,20250902,0
6760,DJ-LNA-DYG-FAN-09,Line A Dryer blower circulation3 M15 (55 Kw.),5560,,23,17,252,1,5,64,,,F,0000013000000500000160000025,0,4,F,NULL,NULL,NULL,NULL,NULL,NULL,NULL,F,F,436,20250902,0
6761,DJ-LNA-DYG-BCV-01,Line A Dryer motor belt distributer M8 (0.75 Kw.),5560,,23,17,252,1,5,64,,,F,0000013000000500000160000026,0,4,F,NULL,NULL,NULL,NULL,NULL,NULL,NULL,F,F,436,20250902,0
6762,DJ-LNA-DYG-RVL-03,Line A Dryer Damper heater1 M10 (0.37 Kw.),5553,,23,17,252,1,5,64,,,F,00000130000005000001600000080000002,0,5,F,NULL,NULL,NULL,NULL,NULL,NULL,NULL,F,F,436,20250902,0
6763,DJ-LNA-DYG-RVL-04,Line A Dryer Damper heater2 M13 (0.37 Kw.),5554,,23,17,252,1,5,64,,,F,00000130000005000001600000090000001,0,5,F,NULL,NULL,NULL,NULL,NULL,NULL,NULL,F,F,436,20250902,0
6764,DJ-LNA-DYG-RVL-05,Line A Dryer Damper heater3 M16 (0.37 Kw.),5555,,23,17,252,1,5,64,,,F,00000130000005000001600000100000001,0,5,F,NULL,NULL,NULL,NULL,NULL,NULL,NULL,F,F,436,20250902,0
6765,SN-LNB-DYG-FAN-09,LNB Dryer exhaust cooling fan M16 (22 Kw.) FL.2,5704,,23,18,48,1,5,72,,,F,0000014000000100000060000002,0,4,F,NULL,NULL,NULL,NULL,NULL,NULL,NULL,F,F,436,20250903,0
6766,SN-LNB-CLG-SFT-01,"LNB COOLING sifter1 M36,M37 (1.2 Kw.)",4584,,23,18,126,NULL,4,72,,,F,0000001,0,1,F,NULL,NULL,NULL,NULL,NULL,NULL,NULL,F,F,436,20250903,0
6767,DP-PACK-ROLL-11,Packing line 2 Free Roller,6722,,29,3,8,1,7,19,,MOVE FROM LINE 5,F,0000005000001000002240000013,0,4,F,NULL,NULL,NULL,NULL,NULL,NULL,NULL,F,F,42,20250904,0
6768,DP-PACK-BCWE-01,Packing line 4 Belt check weight line 4,6724,,29,3,7,1,6,9,,,F,0000005000001000002260000015,0,4,F,NULL,NULL,NULL,NULL,NULL,NULL,NULL,F,F,42,20250904,0
6769,DJ-LNA-CTG-MXR-01,LNA Coating mixer motor M31 (22 Kw.),5096,,23,17,251,1,5,64,,,F,0000023,0,1,F,NULL,NULL,NULL,NULL,NULL,NULL,NULL,F,F,436,20250907,0
6770,SN-PKG-BBS-BAN-03,Sanook packing big bag Vacuum seal,5223,,23,18,6,1,5,68,,,F,000001400000050000031,0,3,F,NULL,NULL,NULL,NULL,NULL,NULL,NULL,F,F,42,20251016,0
6771,DP-USTR-DCKL,Loading Dock DRY,763,,25,11,32,1,6,37,,,F,000000500000220000010,1,3,F,NULL,NULL,NULL,NULL,NULL,NULL,NULL,F,F,455,20251111,0
6772,AJ-USTR-STAR,Structural and Architecture at Project Office,74,,5,16,220,NULL,4,37,,,F,00000090000007,1,2,F,NULL,NULL,NULL,NULL,NULL,NULL,NULL,F,F,455,20251104,0
6773,GP-USTR-TOIL,Toilets for General areas,40,,5,16,220,NULL,4,37,,,F,000000100000050000101,0,3,F,NULL,NULL,NULL,NULL,NULL,NULL,NULL,F,F,455,20251104,0
6774,GP-USTR-STAR-17,Structural and Architecture at Guard house2&Truck park,40,,5,16,220,NULL,4,37,,,F,000000100000050000102,0,3,F,NULL,NULL,NULL,NULL,NULL,NULL,NULL,F,F,455,20251104,0
6775,DJ-UELE-CCTV-01,CCTV system at Dry2,5488,,25,20,198,NULL,4,26,,,F,000001300000190000007,0,3,F,NULL,NULL,NULL,NULL,NULL,NULL,NULL,F,F,455,20251104,0
6776,IN-USTR-TOIL,Toilets for Innovation building,124,,25,16,220,NULL,4,37,,(MEMO),F,000000400000060000002,0,3,F,NULL,NULL,NULL,NULL,NULL,NULL,NULL,F,F,455,20251104,0
6777,PP-USTR-TOIL,Toilets and changing room for Pouch,1240,,25,16,220,NULL,4,37,,(MEMO),F,000000600000290000019,0,3,F,NULL,NULL,NULL,NULL,NULL,NULL,NULL,F,F,455,20251104,0
6778,PS-USTR-TOIL,Toilets and changing room for PST,6052,,25,16,220,NULL,4,37,,(MEMO),F,000007100000100000002,0,3,F,NULL,NULL,NULL,NULL,NULL,NULL,NULL,F,F,455,20251104,0
6779,PS-UELE-NORL-01,Lighting system,6669,,25,13,82,NULL,4,26,,(MEMO),F,000007100000150000003,0,3,F,NULL,NULL,NULL,NULL,NULL,NULL,NULL,F,F,455,20251104,0
6780,ST-UELE,Electrical system,1269,,25,13,230,NULL,4,26,,(MEMO),F,00000070000008,1,2,F,NULL,NULL,NULL,NULL,NULL,NULL,NULL,F,F,455,20251104,0
6781,ST-UELE-NORL-01,Lighting system,6780,,25,13,82,NULL,4,26,,(MEMO),F,000000700000080000001,0,3,F,NULL,NULL,NULL,NULL,NULL,NULL,NULL,F,F,455,20251104,0
6782,PS-UELE-MCCR,MCC Room PST,6669,,25,13,290,NULL,4,26,,(MEMO),F,000007100000150000004,0,3,F,NULL,NULL,NULL,NULL,NULL,NULL,NULL,F,F,455,20251104,0
6783,PS-UELE-CCTV-01,CCTV system at PST,5488,,25,20,198,NULL,4,26,,,F,000001300000190000008,0,3,F,NULL,NULL,NULL,NULL,NULL,NULL,NULL,F,F,455,20251104,0
6784,PS-UFPT-PRAC-01,Pre-Action system MCC room,6446,,25,13,113,1,6,35,,,F,000007100000140000005,0,3,F,NULL,NULL,NULL,NULL,NULL,NULL,NULL,F,F,455,20251104,0
6785,PS-USTR-ROOF,"Roof, terrace and roof drain PST",6052,,25,13,312,1,6,37,,,F,000007100000100000003,0,3,F,NULL,NULL,NULL,NULL,NULL,NULL,NULL,F,F,455,20251104,0
6786,AJ-USTR-ROOF,"Roof, terrace and roof drain at project office",74,,25,16,312,1,6,37,,,F,00000090000008,0,2,F,NULL,NULL,NULL,NULL,NULL,NULL,NULL,F,F,455,20251104,0
6787,ST-USTR,Structural and Architecture Care & Treat,1269,,25,13,230,1,6,37,,,F,00000070000009,0,2,F,NULL,NULL,NULL,NULL,NULL,NULL,NULL,F,F,455,20251111,0
6788,PT-USTR-DCKL,Loading Docks,6052,,25,13,32,1,6,37,,,F,000007100000100000004,1,3,F,NULL,NULL,NULL,NULL,NULL,NULL,NULL,F,F,455,20251111,0
6789,PP-USTR-DCKL,Loading Docks,763,,25,11,32,1,6,37,,,F,000000600000290000020,0,3,F,NULL,NULL,NULL,NULL,NULL,NULL,NULL,F,F,455,20251111,0
6790,DJ-USTR-DCKL,Loading Dock,5522,,25,20,32,1,6,37,,,F,000001300000310000011,0,3,F,NULL,NULL,NULL,NULL,NULL,NULL,NULL,F,F,455,20251111,0
6791,GP-UFPT-EECN-01,Fire Alarm System General plant,1399,,25,16,47,1,6,4,,,F,000000100000100000009,0,3,F,NULL,NULL,NULL,NULL,NULL,NULL,NULL,F,F,455,20251217,0
6792,DJ-USTR-DOSW,Swing and Sliding doors Dry2,5522,,25,20,226,1,6,37,,,F,000001300000310000012,0,3,F,NULL,NULL,NULL,NULL,NULL,NULL,NULL,F,F,455,20251217,0
6793,DP-USTR-DOSW,Swing and Sliding doors Dry1,763,,25,11,226,1,6,37,,,F,000000500000220000011,0,3,F,NULL,NULL,NULL,NULL,NULL,NULL,NULL,F,F,455,20251217,0
6794,SN-PKG-KHS-WES-01,KHS Multihead weight,5223,,29,17,154,1,5,9,,,F,000001400000050000032,0,3,F,NULL,NULL,NULL,NULL,NULL,NULL,NULL,F,F,42,20260112,0
6795,DP-OPE,DRY1 Operation Equipment,146,,5,8,230,NULL,6,8,,,F,00000050000057,2,2,F,NULL,NULL,NULL,NULL,NULL,NULL,NULL,F,F,549,20260113,0
6796,DP-OPE-LIFA_DCC,LIFA DCC Area,6795,,5,8,227,NULL,6,8,,,F,000000500000570000001,0,3,F,NULL,NULL,NULL,NULL,NULL,NULL,NULL,F,F,549,20260113,0
6797,DP-OPE-LIFA_EXT,LIFA Extrusion Area,6795,,5,8,227,NULL,6,8,,,F,000000500000570000002,0,3,F,NULL,NULL,NULL,NULL,NULL,NULL,NULL,F,F,549,20260113,0
6798,DP-USTR-TOIL,Toilets and changing room for Dry,763,,25,11,220,NULL,4,37,,(MEMO),F,000000500000220000012,0,3,F,NULL,NULL,NULL,NULL,NULL,NULL,NULL,F,F,455,20260113,0
6799,DJ-USTR-TOIL,Toilets and changing room for Dry2,5522,,25,20,220,NULL,4,37,,(MEMO),F,000001300000310000014,0,3,F,NULL,NULL,NULL,NULL,NULL,NULL,NULL,F,F,455,20260113,0
